Name,Team,Age,PA,OBP,SLG,OPS,wOBA,ISO,BB%,K%,HR,RBI,SB,Def,WAR,All_Star,Year
Jacoby Ellsbury,BOS,27,732,0.376,0.552,0.928,0.4,0.23,0.071,0.134,32,105,39,18.0,9.5,1,2011
Matt Kemp,LAD,26,689,0.399,0.586,0.986,0.413,0.262,0.107,0.231,39,126,40,-2.7,8.3,0,2011
Jose Bautista,TOR,30,655,0.447,0.608,1.056,0.443,0.306,0.20199999999999999,0.16899999999999998,43,103,9,-11.1,8.1,1,2011
Dustin Pedroia,BOS,27,731,0.387,0.474,0.861,0.375,0.167,0.11800000000000001,0.11599999999999999,21,91,26,20.5,7.9,1,2011
Ian Kinsler,TEX,29,723,0.355,0.477,0.832,0.364,0.223,0.12300000000000001,0.098,32,77,30,17.0,7.3,0,2011
Ryan Braun,MIL,27,629,0.397,0.597,0.994,0.426,0.265,0.092,0.14800000000000002,33,111,33,-10.5,7.1,1,2011
Curtis Granderson,NYY,30,691,0.364,0.552,0.916,0.393,0.29,0.12300000000000001,0.245,41,119,25,-2.9,6.9,1,2011
Miguel Cabrera,DET,28,688,0.448,0.586,1.033,0.437,0.241,0.157,0.129,30,105,2,-16.8,6.6,0,2011
Alex Gordon,KCR,27,690,0.376,0.502,0.879,0.382,0.2,0.09699999999999999,0.201,23,87,17,4.1,6.6,0,2011
Brian McCann,ATL,27,527,0.351,0.466,0.817,0.35,0.195,0.10800000000000001,0.16899999999999998,24,71,3,35.8,6.5,1,2011
Joey Votto,CIN,27,719,0.416,0.531,0.947,0.406,0.222,0.153,0.179,29,103,8,-5.2,6.4,0,2011
Ben Zobrist,TBR,30,674,0.353,0.469,0.822,0.359,0.201,0.114,0.19,20,91,19,10.1,6.4,0,2011
Justin Upton,ARI,23,674,0.369,0.529,0.898,0.385,0.24,0.08800000000000001,0.187,31,88,21,0.9,6.3,1,2011
Evan Longoria,TBR,25,574,0.355,0.495,0.85,0.367,0.251,0.139,0.162,31,99,3,16.3,6.3,0,2011
Adrian Gonzalez,BOS,29,715,0.41,0.548,0.957,0.407,0.21,0.10300000000000001,0.166,27,117,1,-0.2,6.1,1,2011
Jonathan Lucroy,MIL,25,468,0.313,0.391,0.703,0.311,0.126,0.062,0.212,12,59,2,46.5,6.0,0,2011
Miguel Montero,ARI,27,553,0.351,0.469,0.82,0.353,0.187,0.085,0.175,18,86,1,33.0,5.9,0,2011
Jose Reyes,NYM,28,586,0.384,0.493,0.877,0.376,0.156,0.073,0.07,7,44,39,2.3,5.8,0,2011
Shane Victorino,PHI,30,586,0.355,0.491,0.847,0.368,0.212,0.094,0.10800000000000001,17,61,19,6.6,5.6,1,2011
Adrian Beltre,TEX,32,525,0.331,0.561,0.892,0.381,0.265,0.048,0.10099999999999999,32,105,1,11.8,5.5,1,2011
Troy Tulowitzki,COL,26,606,0.372,0.544,0.916,0.389,0.242,0.09699999999999999,0.13,30,105,9,13.9,5.4,1,2011
Andrew McCutchen,PIT,24,678,0.364,0.456,0.82,0.36,0.198,0.131,0.18600000000000003,23,89,23,5.6,5.4,0,2011
Yadier Molina,STL,28,518,0.349,0.465,0.814,0.353,0.16,0.064,0.085,14,65,4,26.2,5.4,1,2011
Brandon Phillips,CIN,30,675,0.353,0.457,0.81,0.353,0.157,0.065,0.126,18,82,14,13.4,5.4,0,2011
Howie Kendrick,LAA,27,583,0.338,0.464,0.802,0.349,0.179,0.057,0.204,18,63,14,16.0,5.4,0,2011
Russell Martin,NYY,28,476,0.324,0.408,0.732,0.324,0.17,0.105,0.17,18,65,8,37.9,5.4,0,2011
Pablo Sandoval,SFG,24,466,0.357,0.552,0.909,0.383,0.237,0.069,0.135,23,70,2,13.9,5.3,0,2011
Robinson Cano,NYY,28,681,0.349,0.533,0.882,0.374,0.231,0.055999999999999994,0.141,28,118,8,-1.1,5.1,1,2011
Alex Avila,DET,24,551,0.389,0.506,0.895,0.384,0.211,0.132,0.23800000000000002,19,82,3,4.9,5.0,1,2011
Matt Wieters,BAL,25,551,0.328,0.45,0.778,0.34,0.188,0.087,0.152,22,68,1,26.3,5.0,1,2011
Brett Gardner,NYY,27,588,0.345,0.369,0.713,0.321,0.11,0.102,0.158,7,36,49,20.9,5.0,0,2011
Jhonny Peralta,DET,29,576,0.345,0.478,0.824,0.356,0.179,0.069,0.165,21,86,0,16.7,4.8,0,2011
Prince Fielder,MIL,27,692,0.415,0.566,0.981,0.41,0.267,0.155,0.153,38,120,1,-17.3,4.7,1,2011
Lance Berkman,STL,35,587,0.412,0.547,0.959,0.408,0.246,0.157,0.158,31,94,2,-17.5,4.7,0,2011
Chris Young,ARI,27,659,0.331,0.42,0.751,0.329,0.183,0.121,0.21100000000000002,20,71,22,18.2,4.7,0,2011
J.J. Hardy,BAL,28,567,0.31,0.491,0.801,0.344,0.222,0.055,0.162,30,80,0,14.7,4.5,0,2011
Matt Holliday,STL,31,516,0.388,0.525,0.912,0.395,0.229,0.11599999999999999,0.18,22,75,2,-3.9,4.4,1,2011
Mike Napoli,TEX,29,432,0.414,0.631,1.046,0.445,0.312,0.134,0.19699999999999998,30,75,4,-10.5,4.3,0,2011
Carlos Beltran,- - -,34,598,0.385,0.525,0.91,0.391,0.225,0.11900000000000001,0.147,22,84,4,-14.5,4.3,0,2011
Giancarlo Stanton,FLA,21,601,0.356,0.537,0.893,0.381,0.275,0.11599999999999999,0.276,34,87,5,-3.9,4.3,0,2011
Hunter Pence,- - -,28,668,0.37,0.502,0.871,0.377,0.188,0.084,0.18600000000000003,22,97,8,-11.0,4.3,0,2011
Mark Teixeira,NYY,31,684,0.341,0.494,0.835,0.361,0.246,0.111,0.161,39,111,4,-2.1,4.3,1,2011
Wilson Ramos,WSN,23,435,0.334,0.445,0.779,0.335,0.177,0.087,0.175,15,52,0,26.1,4.3,0,2011
Peter Bourjos,LAA,24,552,0.327,0.438,0.765,0.335,0.167,0.057999999999999996,0.225,12,43,22,9.2,4.3,0,2011
Cameron Maybin,SDP,24,568,0.323,0.393,0.716,0.316,0.13,0.077,0.22,9,40,40,10.4,4.3,0,2011
Alexei Ramirez,CHW,29,684,0.328,0.399,0.727,0.322,0.13,0.075,0.12300000000000001,15,70,7,17.5,4.2,0,2011
Josh Hamilton,TEX,30,538,0.346,0.536,0.882,0.369,0.238,0.07200000000000001,0.17300000000000001,25,94,8,0.6,4.0,1,2011
Alex Rodriguez,NYY,35,428,0.362,0.461,0.823,0.362,0.185,0.11,0.187,16,62,4,11.7,4.0,1,2011
Chase Utley,PHI,32,454,0.344,0.425,0.769,0.338,0.166,0.086,0.10400000000000001,11,44,14,10.7,4.0,0,2011
Elvis Andrus,TEX,22,665,0.347,0.361,0.708,0.319,0.082,0.084,0.111,5,60,37,13.9,4.0,0,2011
Albert Pujols,STL,31,651,0.366,0.541,0.906,0.384,0.242,0.094,0.08900000000000001,37,99,9,-11.6,3.9,0,2011
Melky Cabrera,KCR,26,706,0.339,0.47,0.809,0.35,0.164,0.05,0.133,18,87,20,-5.2,3.8,0,2011
Melvin Upton Jr.,TBR,26,640,0.331,0.429,0.759,0.333,0.186,0.111,0.252,23,81,36,4.0,3.8,0,2011
Erick Aybar,LAA,27,605,0.322,0.421,0.743,0.325,0.142,0.051,0.11199999999999999,10,59,30,8.3,3.8,0,2011
David Ortiz,BOS,35,605,0.398,0.554,0.953,0.407,0.246,0.129,0.13699999999999998,29,96,1,-14.9,3.7,1,2011
Corey Hart,MIL,29,551,0.356,0.51,0.866,0.376,0.226,0.09300000000000001,0.207,26,63,7,-3.6,3.7,0,2011
Asdrubal Cabrera,CLE,25,667,0.332,0.46,0.792,0.344,0.187,0.066,0.17800000000000002,25,92,17,-4.2,3.7,0,2011
Nyjer Morgan,MIL,30,429,0.357,0.421,0.778,0.344,0.116,0.044000000000000004,0.163,4,37,13,9.8,3.7,0,2011
Michael Bourn,- - -,28,722,0.349,0.386,0.734,0.325,0.091,0.073,0.19399999999999998,2,50,61,-4.0,3.7,0,2011
Ryan Hanigan,CIN,30,304,0.356,0.357,0.714,0.321,0.09,0.115,0.105,6,31,0,25.4,3.7,0,2011
Matt Joyce,TBR,26,522,0.347,0.478,0.825,0.353,0.201,0.094,0.203,19,75,13,-4.3,3.6,0,2011
Yunel Escobar,TOR,28,590,0.369,0.413,0.782,0.348,0.123,0.10300000000000001,0.11900000000000001,11,48,3,6.1,3.6,0,2011
Ryan Roberts,ARI,30,555,0.341,0.427,0.768,0.339,0.178,0.11900000000000001,0.177,19,65,18,9.3,3.6,0,2011
Alberto Callaspo,LAA,28,536,0.366,0.375,0.74,0.328,0.086,0.10800000000000001,0.09,6,46,8,10.3,3.6,0,2011
Jimmy Rollins,PHI,32,631,0.338,0.399,0.736,0.325,0.131,0.092,0.094,16,63,30,9.6,3.6,0,2011
Carlos Gonzalez,COL,25,542,0.363,0.526,0.889,0.38,0.231,0.08900000000000001,0.19399999999999998,26,92,20,-3.3,3.5,0,2011
Kevin Youkilis,BOS,32,517,0.373,0.459,0.833,0.366,0.202,0.132,0.193,17,80,3,-0.3,3.5,0,2011
Nick Swisher,NYY,30,635,0.374,0.449,0.822,0.36,0.188,0.15,0.19699999999999998,23,85,2,-0.1,3.4,0,2011
Jarrod Saltalamacchia,BOS,26,386,0.288,0.45,0.737,0.319,0.215,0.062,0.308,16,56,1,22.1,3.4,0,2011
Aramis Ramirez,CHC,33,626,0.361,0.51,0.871,0.375,0.204,0.069,0.11,26,93,1,-7.5,3.3,0,2011
Rickie Weeks Jr.,MIL,28,515,0.35,0.468,0.818,0.357,0.199,0.09699999999999999,0.20800000000000002,20,49,9,3.4,3.3,0,2011
Michael Young,TEX,34,689,0.38,0.474,0.854,0.369,0.136,0.068,0.113,11,106,6,-15.1,3.2,0,2011
Danny Espinosa,WSN,24,658,0.323,0.414,0.737,0.324,0.178,0.087,0.252,21,66,17,3.7,3.2,0,2011
Geovany Soto,CHC,28,474,0.31,0.411,0.721,0.317,0.183,0.095,0.262,17,54,0,23.4,3.1,0,2011
Andre Ethier,LAD,29,551,0.368,0.421,0.789,0.345,0.129,0.105,0.187,11,62,0,0.1,3.0,0,2011
Dustin Ackley,SEA,23,376,0.348,0.417,0.766,0.337,0.144,0.106,0.21,6,36,6,6.1,3.0,0,2011
Michael Morse,WSN,29,575,0.36,0.55,0.91,0.39,0.247,0.063,0.21899999999999997,31,95,2,-20.6,2.9,0,2011
Jay Bruce,CIN,24,664,0.341,0.474,0.814,0.349,0.217,0.107,0.23800000000000002,32,97,8,-7.4,2.9,0,2011
Carlos Lee,HOU,35,653,0.342,0.446,0.788,0.341,0.171,0.09,0.092,18,94,4,2.5,2.9,0,2011
Emilio Bonifacio,FLA,26,641,0.36,0.393,0.753,0.335,0.097,0.092,0.201,5,36,40,-5.3,2.9,0,2011
Brendan Ryan,SEA,29,494,0.313,0.326,0.639,0.289,0.078,0.069,0.17600000000000002,3,39,13,16.0,2.8,0,2011
Paul Konerko,CHW,35,639,0.388,0.517,0.906,0.384,0.217,0.121,0.139,31,105,1,-13.9,2.7,0,2011
Jeff Francoeur,KCR,27,656,0.329,0.476,0.805,0.347,0.191,0.055999999999999994,0.188,20,87,22,-5.7,2.7,0,2011
Marco Scutaro,BOS,35,445,0.358,0.423,0.781,0.344,0.124,0.085,0.081,7,54,4,5.8,2.7,0,2011
Gaby Sanchez,FLA,27,661,0.352,0.427,0.779,0.342,0.161,0.11199999999999999,0.147,19,78,3,-5.1,2.7,0,2011
Starlin Castro,CHC,21,715,0.341,0.432,0.773,0.338,0.125,0.049,0.134,10,66,22,-0.3,2.7,0,2011
Clint Barmes,HOU,32,495,0.312,0.386,0.698,0.309,0.141,0.077,0.17800000000000002,12,39,3,14.2,2.7,0,2011
Daniel Murphy,NYM,26,423,0.362,0.448,0.809,0.354,0.128,0.057,0.099,6,49,5,0.9,2.6,0,2011
Gerardo Parra,ARI,24,493,0.357,0.427,0.784,0.335,0.135,0.087,0.166,8,46,15,4.7,2.6,0,2011
Carlos Quentin,CHW,28,483,0.34,0.499,0.838,0.364,0.245,0.07,0.174,24,77,1,-5.5,2.5,0,2011
Carlos Pena,CHC,33,606,0.357,0.462,0.819,0.356,0.237,0.16699999999999998,0.266,28,80,2,-11.2,2.5,0,2011
Desmond Jennings,TBR,24,287,0.356,0.449,0.805,0.355,0.19,0.10800000000000001,0.20600000000000002,10,25,20,0.6,2.5,0,2011
Michael Cuddyer,MIN,32,584,0.346,0.459,0.805,0.351,0.176,0.08199999999999999,0.163,20,70,11,-8.3,2.5,0,2011
Adam Jones,BAL,25,618,0.319,0.466,0.785,0.338,0.185,0.047,0.183,25,83,12,-6.6,2.5,0,2011
Neil Walker,PIT,25,662,0.334,0.408,0.742,0.324,0.134,0.08199999999999999,0.16899999999999998,12,83,9,-2.7,2.5,0,2011
Austin Jackson,DET,24,668,0.317,0.374,0.69,0.305,0.125,0.084,0.271,10,45,22,9.8,2.5,0,2011
Chase Headley,SDP,27,439,0.374,0.399,0.773,0.34,0.11,0.11800000000000001,0.21,4,44,13,-2.3,2.4,0,2011
Jack Hannahan,CLE,31,366,0.331,0.388,0.719,0.321,0.138,0.10400000000000001,0.21899999999999997,8,40,2,9.8,2.4,0,2011
Allen Craig,STL,26,219,0.362,0.555,0.917,0.395,0.24,0.068,0.183,11,40,5,-0.9,2.3,0,2011
John Mayberry,PHI,27,296,0.341,0.513,0.854,0.368,0.24,0.08800000000000001,0.18600000000000003,15,49,8,-0.2,2.3,0,2011
Todd Helton,COL,37,491,0.385,0.466,0.85,0.37,0.164,0.12,0.145,14,69,0,-2.7,2.3,0,2011
Casey Kotchman,TBR,28,563,0.378,0.422,0.8,0.354,0.116,0.085,0.11699999999999999,10,48,2,-9.7,2.3,0,2011
Jon Jay,STL,26,503,0.344,0.424,0.768,0.338,0.127,0.055999999999999994,0.161,10,37,6,-1.2,2.3,0,2011
Dan Uggla,ATL,31,672,0.311,0.453,0.764,0.334,0.22,0.092,0.23199999999999998,36,82,1,-9.6,2.3,1,2011
Joe Mauer,MIN,28,333,0.36,0.368,0.729,0.321,0.081,0.096,0.114,3,30,0,12.2,2.3,0,2011
David Freese,STL,28,363,0.35,0.441,0.791,0.348,0.144,0.066,0.207,10,55,1,3.7,2.2,0,2011
Derek Jeter,NYY,37,607,0.355,0.388,0.743,0.331,0.092,0.076,0.133,6,61,16,-2.4,2.2,1,2011
Jayson Werth,WSN,32,649,0.33,0.389,0.718,0.319,0.157,0.114,0.247,20,58,19,-2.7,2.2,0,2011
Omar Infante,FLA,29,640,0.315,0.382,0.696,0.306,0.105,0.053,0.105,7,49,4,8.2,2.2,0,2011
Drew Stubbs,CIN,26,681,0.321,0.364,0.686,0.308,0.121,0.09300000000000001,0.301,15,44,40,-1.2,2.2,0,2011
Carlos Gomez,MIL,25,258,0.276,0.403,0.679,0.296,0.177,0.057999999999999996,0.248,8,24,16,13.8,2.2,0,2011
Placido Polanco,PHI,35,523,0.335,0.339,0.674,0.303,0.062,0.08,0.084,5,50,3,15.5,2.2,0,2011
Jesus Guzman,SDP,27,271,0.369,0.478,0.847,0.368,0.166,0.081,0.159,5,44,9,-2.6,2.1,0,2011
Nick Hundley,SDP,27,308,0.347,0.477,0.824,0.356,0.189,0.071,0.24,9,29,1,-2.2,2.1,0,2011
Josh Willingham,OAK,32,563,0.332,0.477,0.81,0.35,0.232,0.099,0.266,29,98,4,-12.8,2.1,0,2011
Ryan Zimmerman,WSN,26,440,0.355,0.443,0.798,0.348,0.154,0.09300000000000001,0.166,12,49,3,-1.0,2.1,0,2011
Dexter Fowler,COL,25,563,0.363,0.432,0.796,0.35,0.166,0.121,0.231,5,45,12,-3.1,2.1,0,2011
James Loney,LAD,27,582,0.339,0.416,0.755,0.328,0.128,0.07200000000000001,0.115,12,65,4,-6.4,2.1,0,2011
A.J. Pierzynski,CHW,34,500,0.323,0.405,0.728,0.315,0.119,0.046,0.066,8,48,0,13.0,2.1,0,2011
Jamey Carroll,LAD,37,510,0.359,0.347,0.706,0.317,0.058,0.092,0.114,0,17,10,-1.5,2.1,0,2011
Sean Rodriguez,TBR,26,436,0.323,0.357,0.679,0.306,0.134,0.087,0.2,8,36,11,7.5,2.1,0,2011
Andres Torres,SFG,33,398,0.312,0.33,0.643,0.292,0.109,0.106,0.239,4,19,19,9.5,2.1,0,2011
Josh Reddick,BOS,24,278,0.327,0.457,0.784,0.339,0.177,0.068,0.18,7,28,1,5.6,2.0,0,2011
Torii Hunter,LAA,35,649,0.336,0.429,0.765,0.337,0.167,0.096,0.193,23,82,5,-9.0,2.0,0,2011
Kelly Johnson,- - -,29,613,0.304,0.413,0.717,0.315,0.191,0.098,0.266,21,58,16,3.6,2.0,0,2011
Maicer Izturis,LAA,30,494,0.334,0.388,0.722,0.318,0.111,0.067,0.132,5,38,9,2.3,1.9,0,2011
Jason Heyward,ATL,21,456,0.319,0.389,0.708,0.313,0.162,0.11199999999999999,0.204,14,42,9,4.0,1.9,0,2011
Coco Crisp,OAK,31,583,0.314,0.379,0.693,0.305,0.115,0.07,0.111,8,54,49,-3.2,1.9,0,2011
Denard Span,MIN,27,311,0.328,0.359,0.687,0.308,0.095,0.087,0.11599999999999999,2,16,6,9.0,1.9,0,2011
Alcides Escobar,KCR,24,598,0.29,0.343,0.633,0.28,0.089,0.042,0.122,4,46,26,16.8,1.9,0,2011
Victor Martinez,DET,32,595,0.38,0.47,0.85,0.369,0.141,0.077,0.086,12,103,1,-14.7,1.8,0,2011
Chipper Jones,ATL,39,512,0.344,0.47,0.814,0.348,0.196,0.1,0.156,18,70,2,-5.9,1.8,0,2011
Mark Trumbo,LAA,25,573,0.291,0.477,0.768,0.328,0.223,0.044000000000000004,0.209,29,87,9,-5.5,1.8,0,2011
Jemile Weeks,OAK,24,437,0.34,0.421,0.761,0.333,0.118,0.048,0.142,2,36,22,-2.8,1.8,0,2011
Scott Sizemore,- - -,26,429,0.342,0.399,0.741,0.332,0.155,0.124,0.261,11,56,5,-2.2,1.8,0,2011
Sam Fuld,TBR,29,346,0.313,0.36,0.673,0.301,0.12,0.092,0.142,3,27,20,6.5,1.8,0,2011
David Wright,NYM,28,447,0.345,0.427,0.771,0.338,0.172,0.11599999999999999,0.217,14,61,13,-9.0,1.7,1,2011
Miguel Cairo,CIN,37,276,0.33,0.412,0.742,0.326,0.147,0.065,0.13,8,33,3,6.6,1.7,0,2011
Marlon Byrd,CHC,33,482,0.324,0.395,0.719,0.317,0.119,0.052000000000000005,0.162,9,35,3,4.0,1.7,0,2011
Will Venable,SDP,28,411,0.31,0.395,0.704,0.307,0.149,0.075,0.22399999999999998,9,44,26,-3.3,1.7,0,2011
David DeJesus,OAK,31,506,0.323,0.376,0.698,0.311,0.136,0.08900000000000001,0.17,10,46,4,2.1,1.7,0,2011
Ruben Tejada,NYM,21,376,0.36,0.335,0.696,0.314,0.052,0.09300000000000001,0.133,0,36,5,3.9,1.7,0,2011
Ryan Howard,PHI,31,644,0.346,0.488,0.835,0.355,0.235,0.11599999999999999,0.267,33,116,1,-13.8,1.6,1,2011
Brennan Boesch,DET,26,472,0.341,0.458,0.799,0.348,0.175,0.07400000000000001,0.17600000000000002,16,54,5,-11.2,1.6,0,2011
Stephen Drew,ARI,28,354,0.317,0.396,0.713,0.315,0.143,0.085,0.209,5,45,4,8.1,1.6,0,2011
Darwin Barney,CHC,25,571,0.313,0.353,0.666,0.294,0.078,0.039,0.11699999999999999,2,43,9,8.7,1.6,0,2011
Tony Gwynn,LAD,28,340,0.308,0.353,0.66,0.292,0.096,0.068,0.179,2,22,22,7.2,1.6,0,2011
Andruw Jones,NYY,34,222,0.356,0.495,0.851,0.373,0.247,0.131,0.27899999999999997,13,33,0,-0.8,1.5,0,2011
Chris Heisey,CIN,26,308,0.309,0.487,0.797,0.341,0.233,0.062,0.253,18,50,6,-2.4,1.5,0,2011
Casper Wells,- - -,26,241,0.317,0.442,0.759,0.332,0.205,0.075,0.295,11,27,3,2.1,1.5,0,2011
Nick Markakis,BAL,27,716,0.351,0.406,0.756,0.333,0.122,0.087,0.105,15,73,12,-12.7,1.5,0,2011
Bryan Petersen,FLA,25,241,0.357,0.387,0.744,0.33,0.123,0.10800000000000001,0.203,2,10,7,4.7,1.5,0,2011
Shin-Soo Choo,CLE,28,358,0.344,0.39,0.733,0.325,0.131,0.10099999999999999,0.218,8,36,12,-1.7,1.5,0,2011
Orlando Hudson,SDP,33,454,0.329,0.352,0.681,0.302,0.106,0.10800000000000001,0.185,7,43,19,-1.4,1.5,0,2011
Ben Revere,MIN,23,481,0.31,0.309,0.619,0.278,0.042,0.054000000000000006,0.085,0,30,34,10.4,1.5,0,2011
Nelson Cruz,TEX,30,513,0.312,0.509,0.821,0.353,0.246,0.064,0.226,29,87,9,-12.2,1.4,0,2011
Endy Chavez,TEX,33,274,0.323,0.426,0.749,0.326,0.125,0.036000000000000004,0.109,5,27,10,3.1,1.4,0,2011
Johnny Damon,TBR,37,647,0.326,0.418,0.743,0.327,0.156,0.079,0.142,16,73,19,-16.0,1.4,0,2011
Robert Andino,BAL,27,511,0.327,0.344,0.67,0.302,0.081,0.08,0.162,5,36,13,4.3,1.4,0,2011
Brent Lillibridge,CHW,27,216,0.34,0.505,0.845,0.365,0.247,0.079,0.287,13,29,10,-3.9,1.3,0,2011
Travis Hafner,CLE,34,368,0.361,0.449,0.811,0.354,0.169,0.098,0.212,13,57,0,-9.2,1.3,0,2011
Chris Iannetta,COL,28,426,0.37,0.414,0.785,0.348,0.177,0.16399999999999998,0.209,14,55,6,-1.6,1.3,0,2011
Nolan Reimold,BAL,27,305,0.328,0.453,0.781,0.34,0.206,0.092,0.187,13,45,7,-3.6,1.3,0,2011
Nate Schierholtz,SFG,27,362,0.326,0.43,0.756,0.329,0.152,0.057999999999999996,0.16899999999999998,9,41,7,-5.8,1.3,0,2011
Michael Brantley,CLE,24,496,0.318,0.384,0.702,0.309,0.118,0.069,0.153,7,46,13,-2.6,1.3,0,2011
Ramon Santiago,DET,31,294,0.311,0.384,0.695,0.306,0.124,0.057999999999999996,0.129,5,30,0,5.1,1.3,0,2011
Cliff Pennington,OAK,27,570,0.319,0.369,0.687,0.305,0.105,0.07400000000000001,0.182,8,58,14,1.2,1.3,0,2011
Matt Downs,HOU,27,222,0.347,0.518,0.864,0.375,0.241,0.077,0.212,10,41,0,-5.0,1.2,0,2011
Seth Smith,COL,28,533,0.347,0.483,0.83,0.355,0.2,0.086,0.174,15,59,10,-10.9,1.2,0,2011
Billy Butler,KCR,25,673,0.361,0.461,0.822,0.352,0.169,0.098,0.141,19,95,2,-18.2,1.2,0,2011
Jonny Gomes,- - -,30,372,0.325,0.389,0.714,0.319,0.18,0.129,0.282,14,43,7,-1.4,1.2,0,2011
Martin Prado,ATL,27,590,0.302,0.385,0.687,0.302,0.125,0.057999999999999996,0.08800000000000001,13,57,4,2.5,1.2,0,2011
Rick Ankiel,WSN,31,415,0.296,0.363,0.659,0.293,0.124,0.07,0.231,9,37,10,6.2,1.2,0,2011
Brayan Pena,KCR,29,240,0.288,0.338,0.625,0.277,0.09,0.05,0.1,3,24,0,15.7,1.2,0,2011
Jason Bartlett,SDP,31,618,0.308,0.307,0.615,0.279,0.061,0.078,0.159,2,40,23,6.2,1.2,0,2011
Eli Whiteside,SFG,31,236,0.264,0.31,0.574,0.252,0.113,0.076,0.25,4,17,2,16.1,1.2,0,2011
Reed Johnson,CHC,34,266,0.348,0.467,0.816,0.355,0.159,0.019,0.237,5,28,2,-4.1,1.1,0,2011
Alex Presley,PIT,25,231,0.339,0.465,0.804,0.348,0.167,0.055999999999999994,0.17300000000000001,4,20,9,-2.8,1.1,0,2011
Alfonso Soriano,CHC,35,508,0.289,0.469,0.759,0.326,0.225,0.053,0.222,26,88,2,-2.2,1.1,0,2011
Carlos Ruiz,PHI,32,472,0.371,0.383,0.754,0.333,0.1,0.102,0.102,6,40,1,-7.5,1.1,0,2011
J.D. Martinez,HOU,23,226,0.319,0.423,0.742,0.323,0.149,0.057999999999999996,0.212,6,35,0,5.0,1.1,0,2011
Freddy Sanchez,SFG,33,261,0.332,0.397,0.73,0.318,0.109,0.05,0.134,3,24,0,0.1,1.1,0,2011
Alexi Casilla,MIN,26,365,0.322,0.368,0.691,0.307,0.108,0.077,0.12300000000000001,2,21,15,1.5,1.1,0,2011
Scott Rolen,CIN,36,269,0.279,0.397,0.676,0.294,0.155,0.037000000000000005,0.134,5,36,1,6.3,1.1,0,2011
Franklin Gutierrez,SEA,28,344,0.261,0.273,0.534,0.239,0.05,0.047,0.163,1,19,13,17.3,1.1,0,2011
Eric Hosmer,KCR,21,563,0.334,0.465,0.799,0.343,0.172,0.06,0.146,19,78,11,-20.3,1.0,0,2011
Garrett Jones,PIT,30,478,0.321,0.433,0.753,0.329,0.189,0.1,0.218,16,58,6,-7.8,1.0,0,2011
Ryan Raburn,DET,30,418,0.297,0.432,0.729,0.316,0.176,0.05,0.273,14,49,1,-3.8,1.0,0,2011
Chris Denorfia,SDP,30,340,0.337,0.381,0.718,0.319,0.104,0.08199999999999999,0.14400000000000002,5,19,11,-0.7,1.0,0,2011
Casey Blake,LAD,37,239,0.342,0.371,0.713,0.319,0.119,0.109,0.209,4,26,1,2.1,1.0,0,2011
Mike Fontenot,SFG,31,252,0.304,0.377,0.681,0.296,0.15,0.099,0.19,4,21,5,2.7,1.0,0,2011
Jason Bourgeois,HOU,29,252,0.323,0.357,0.68,0.302,0.063,0.04,0.095,1,16,31,0.9,1.0,0,2011
Ian Desmond,WSN,25,639,0.298,0.358,0.656,0.289,0.104,0.055,0.218,8,49,25,2.4,1.0,0,2011
Mark Ellis,- - -,34,519,0.288,0.346,0.634,0.282,0.098,0.042,0.145,7,41,14,8.3,1.0,0,2011
Jim Thome,- - -,40,324,0.361,0.477,0.838,0.364,0.22,0.142,0.284,15,50,0,-8.4,0.9,0,2011
Wilson Betemit,- - -,29,359,0.343,0.452,0.795,0.34,0.167,0.086,0.292,8,46,4,-7.8,0.9,0,2011
Ramon Hernandez,CIN,35,328,0.341,0.446,0.788,0.34,0.164,0.07,0.125,12,36,0,-2.3,0.9,0,2011
Jerry Hairston,- - -,35,376,0.344,0.383,0.727,0.325,0.113,0.08800000000000001,0.122,5,31,3,-2.7,0.9,0,2011
Hanley Ramirez,FLA,27,385,0.333,0.379,0.712,0.317,0.136,0.114,0.171,10,45,20,-2.2,0.9,0,2011
Angel Pagan,NYM,29,532,0.322,0.372,0.694,0.306,0.111,0.083,0.11699999999999999,7,56,32,-12.3,0.9,0,2011
Kurt Suzuki,OAK,27,515,0.301,0.385,0.686,0.302,0.148,0.07400000000000001,0.124,14,44,2,1.1,0.9,0,2011
Ronny Cedeno,PIT,28,454,0.297,0.339,0.636,0.276,0.09,0.066,0.205,2,32,2,10.0,0.9,0,2011
Lucas Duda,NYM,25,347,0.37,0.482,0.852,0.368,0.189,0.095,0.16399999999999998,10,50,1,-15.7,0.8,0,2011
Logan Morrison,FLA,23,525,0.33,0.468,0.797,0.346,0.221,0.10300000000000001,0.18899999999999997,23,72,2,-18.5,0.8,0,2011
Derrek Lee,- - -,35,477,0.325,0.446,0.771,0.336,0.179,0.069,0.231,19,59,2,-7.6,0.8,0,2011
Jason Kubel,MIN,29,401,0.332,0.434,0.766,0.335,0.161,0.08,0.214,12,58,1,-9.7,0.8,0,2011
Eric Hinske,ATL,33,264,0.311,0.403,0.713,0.315,0.169,0.098,0.26899999999999996,10,28,0,2.7,0.8,0,2011
Josh Harrison,PIT,23,204,0.281,0.374,0.656,0.286,0.103,0.015,0.11800000000000001,1,16,4,6.7,0.8,0,2011
Gordon Beckham,CHW,24,557,0.296,0.337,0.633,0.285,0.106,0.063,0.19899999999999998,10,44,5,4.9,0.8,0,2011
Shelley Duncan,CLE,31,247,0.324,0.484,0.808,0.349,0.224,0.077,0.22699999999999998,11,47,0,-7.2,0.7,0,2011
Edwin Encarnacion,TOR,28,530,0.334,0.453,0.787,0.343,0.181,0.081,0.145,17,55,8,-16.6,0.7,0,2011
Eric Thames,TOR,24,394,0.313,0.456,0.769,0.334,0.193,0.057999999999999996,0.223,12,37,2,-12.7,0.7,0,2011
Cody Ross,SFG,30,461,0.325,0.405,0.73,0.321,0.165,0.106,0.20800000000000002,14,52,5,-10.8,0.7,0,2011
Jerry Sands,LAD,23,227,0.338,0.389,0.727,0.325,0.136,0.11,0.225,4,26,3,-1.9,0.7,0,2011
Lonnie Chisenhall,CLE,22,223,0.284,0.415,0.699,0.303,0.16,0.036000000000000004,0.22,7,22,1,2.2,0.7,0,2011
Jason Pridie,NYM,27,236,0.309,0.37,0.679,0.299,0.139,0.102,0.271,4,20,7,-0.9,0.7,0,2011
Aaron Miles,LAD,34,490,0.314,0.346,0.66,0.293,0.07,0.051,0.1,3,45,4,-1.7,0.7,0,2011
Aaron Hill,- - -,29,571,0.299,0.356,0.655,0.29,0.11,0.061,0.126,8,61,21,2.5,0.7,0,2011
Edgar Renteria,CIN,34,333,0.306,0.348,0.654,0.292,0.097,0.07200000000000001,0.195,5,36,4,3.6,0.7,0,2011
Freddie Freeman,ATL,21,635,0.346,0.448,0.795,0.348,0.166,0.083,0.22399999999999998,21,76,4,-23.6,0.6,0,2011
Mike Carp,SEA,25,313,0.326,0.466,0.791,0.345,0.19,0.061,0.259,12,46,0,-10.0,0.6,0,2011
David Murphy,TEX,29,440,0.328,0.401,0.729,0.32,0.126,0.075,0.139,11,46,11,-5.2,0.6,0,2011
Justin Smoak,SEA,24,489,0.323,0.396,0.719,0.317,0.162,0.11199999999999999,0.215,15,55,0,-8.6,0.6,0,2011
Brandon Belt,SFG,23,209,0.306,0.412,0.718,0.316,0.187,0.096,0.273,9,18,3,-2.5,0.6,0,2011
Yorvit Torrealba,TEX,32,419,0.306,0.399,0.705,0.31,0.126,0.048,0.155,7,37,0,3.2,0.6,0,2011
Kyle Seager,SEA,23,201,0.312,0.379,0.691,0.306,0.121,0.065,0.179,3,13,3,-0.4,0.6,0,2011
Dee Strange-Gordon,LAD,23,233,0.325,0.362,0.686,0.304,0.058,0.03,0.11599999999999999,0,11,24,-4.0,0.6,0,2011
Aaron Rowand,SFG,33,351,0.274,0.347,0.621,0.274,0.115,0.027999999999999997,0.239,4,21,2,4.5,0.6,0,2011
Chris Getz,KCR,27,429,0.313,0.287,0.6,0.274,0.032,0.07,0.105,0,26,21,6.1,0.6,0,2011
Carlos Santana,CLE,25,658,0.351,0.457,0.808,0.351,0.217,0.147,0.20199999999999999,27,79,5,-32.9,0.5,0,2011
Pat Burrell,SFG,34,219,0.352,0.404,0.756,0.339,0.175,0.151,0.306,7,21,0,-6.1,0.5,0,2011
Laynce Nix,WSN,30,351,0.299,0.451,0.75,0.324,0.201,0.066,0.23399999999999999,16,44,2,-9.3,0.5,0,2011
Jose Tabata,PIT,22,382,0.349,0.362,0.711,0.32,0.096,0.105,0.16,4,21,16,-8.3,0.5,0,2011
Colby Rasmus,- - -,24,526,0.298,0.391,0.688,0.302,0.166,0.095,0.221,14,53,5,-6.7,0.5,0,2011
Rafael Furcal,- - -,33,369,0.298,0.348,0.646,0.29,0.117,0.076,0.106,8,28,9,-1.7,0.5,0,2011
Alex Gonzalez,ATL,34,593,0.27,0.372,0.642,0.281,0.131,0.037000000000000005,0.212,15,56,2,6.6,0.5,0,2011
Jordan Schafer,- - -,24,338,0.309,0.315,0.624,0.283,0.073,0.083,0.207,2,13,22,-0.8,0.5,0,2011
Kelly Shoppach,TBR,31,253,0.268,0.339,0.607,0.275,0.163,0.075,0.312,11,22,0,5.2,0.5,0,2011
John McDonald,- - -,36,245,0.269,0.308,0.577,0.257,0.079,0.049,0.11,2,22,2,9.3,0.5,0,2011
Jason Bay,NYM,32,509,0.329,0.374,0.703,0.312,0.128,0.11,0.214,12,57,11,-11.1,0.4,0,2011
Justin Turner,NYM,26,487,0.334,0.356,0.69,0.31,0.097,0.08,0.121,4,51,7,-9.2,0.4,0,2011
Josh Thole,NYM,24,386,0.345,0.344,0.69,0.307,0.076,0.098,0.122,3,40,0,-0.6,0.4,0,2011
Daniel Descalso,STL,24,375,0.334,0.353,0.687,0.299,0.089,0.08800000000000001,0.17300000000000001,1,28,2,-4.1,0.4,0,2011
Don Kelly,DET,31,281,0.291,0.381,0.672,0.297,0.136,0.05,0.114,7,28,2,1.3,0.4,0,2011
Roger Bernadina,WSN,27,337,0.301,0.362,0.664,0.295,0.12,0.065,0.187,7,27,17,-1.2,0.4,0,2011
Vernon Wells,LAA,32,529,0.248,0.412,0.66,0.285,0.194,0.038,0.163,25,66,9,-1.3,0.4,0,2011
Brent Morel,CHW,24,444,0.287,0.366,0.653,0.289,0.121,0.05,0.128,10,41,5,2.4,0.4,0,2011
Adam Kennedy,SEA,35,409,0.277,0.355,0.632,0.276,0.121,0.054000000000000006,0.16399999999999998,7,38,8,0.4,0.4,0,2011
Angel Sanchez,HOU,27,328,0.305,0.285,0.59,0.269,0.045,0.08199999999999999,0.134,1,28,3,3.3,0.4,0,2011
Brandon Crawford,SFG,24,220,0.288,0.296,0.584,0.265,0.092,0.105,0.141,3,21,1,5.0,0.4,0,2011
Rod Barajas,LAD,35,337,0.287,0.43,0.717,0.308,0.2,0.065,0.21100000000000002,16,47,0,-3.3,0.3,0,2011
Juan Rivera,- - -,32,521,0.319,0.382,0.701,0.309,0.124,0.083,0.146,11,74,5,-6.0,0.3,0,2011
Skip Schumaker,STL,31,400,0.333,0.351,0.685,0.304,0.068,0.068,0.125,2,38,0,-4.2,0.3,0,2011
Mike Moustakas,KCR,22,365,0.309,0.367,0.675,0.3,0.104,0.06,0.14,5,30,2,-1.1,0.3,0,2011
Ryan Ludwick,- - -,32,558,0.31,0.363,0.674,0.298,0.127,0.091,0.222,13,75,1,-9.0,0.3,0,2011
Luke Hughes,MIN,26,317,0.289,0.338,0.627,0.282,0.115,0.076,0.249,7,30,3,0.1,0.3,0,2011
Ezequiel Carrera,CLE,24,226,0.301,0.312,0.613,0.277,0.069,0.071,0.155,0,14,10,0.7,0.3,0,2011
Adam Lind,TOR,27,542,0.295,0.439,0.734,0.316,0.188,0.059000000000000004,0.19699999999999998,26,87,1,-11.9,0.2,0,2011
Mitch Moreland,TEX,25,512,0.32,0.414,0.733,0.319,0.155,0.076,0.18,16,51,2,-11.7,0.2,0,2011
Bobby Abreu,LAA,37,585,0.353,0.365,0.717,0.322,0.112,0.133,0.193,8,60,21,-19.1,0.2,0,2011
Grady Sizemore,CLE,28,295,0.285,0.422,0.706,0.307,0.198,0.061,0.28800000000000003,10,32,0,-5.9,0.2,0,2011
Andy Dirks,DET,25,235,0.296,0.406,0.703,0.308,0.155,0.047,0.153,7,28,5,-4.1,0.2,0,2011
Hideki Matsui,OAK,37,585,0.321,0.375,0.696,0.307,0.124,0.096,0.14400000000000002,12,72,1,-14.1,0.2,0,2011
Jed Lowrie,BOS,27,341,0.303,0.382,0.685,0.298,0.129,0.067,0.17600000000000002,6,36,1,-1.9,0.2,0,2011
John Buck,FLA,30,530,0.316,0.367,0.683,0.303,0.139,0.102,0.217,16,57,0,-4.5,0.2,0,2011
Ryan Theriot,STL,31,483,0.321,0.342,0.662,0.297,0.07,0.06,0.085,1,47,4,-1.4,0.2,0,2011
Kevin Kouzmanoff,- - -,29,257,0.284,0.372,0.656,0.287,0.137,0.047,0.179,7,33,2,2.2,0.2,0,2011
Jose Altuve,HOU,21,234,0.297,0.357,0.654,0.289,0.081,0.021,0.124,2,12,7,0.2,0.2,0,2011
Mike Cameron,- - -,38,269,0.285,0.359,0.643,0.287,0.156,0.10400000000000001,0.21899999999999997,9,27,1,0.7,0.2,0,2011
Fred Lewis,CIN,30,210,0.321,0.317,0.638,0.288,0.087,0.105,0.18100000000000002,3,19,2,0.4,0.2,0,2011
Mike McCoy,TOR,30,228,0.291,0.269,0.561,0.259,0.071,0.11,0.18,2,10,12,3.2,0.2,0,2011
Jack Wilson,- - -,33,232,0.274,0.285,0.559,0.251,0.042,0.043,0.168,0,11,5,4.5,0.2,0,2011
Mark Reynolds,BAL,27,620,0.323,0.483,0.806,0.35,0.262,0.121,0.316,37,86,6,-29.6,0.1,0,2011
Juan Miranda,ARI,28,202,0.315,0.402,0.717,0.318,0.19,0.114,0.23800000000000002,7,23,0,-3.9,0.1,0,2011
Mark Kotsay,MIL,35,255,0.329,0.373,0.703,0.309,0.103,0.08199999999999999,0.106,3,31,3,-5.6,0.1,0,2011
Jeff Keppinger,- - -,31,400,0.3,0.377,0.677,0.297,0.1,0.03,0.06,6,35,0,-4.1,0.1,0,2011
Eric Young Jr.,COL,26,229,0.342,0.298,0.64,0.296,0.051,0.114,0.166,0,10,27,-3.0,0.1,0,2011
Travis Snider,TOR,23,202,0.269,0.348,0.616,0.27,0.123,0.054000000000000006,0.27699999999999997,3,30,9,1.6,0.1,0,2011
Blake DeWitt,CHC,25,243,0.305,0.413,0.718,0.313,0.148,0.049,0.128,5,26,1,-4.4,0.0,0,2011
Mike Aviles,- - -,30,309,0.289,0.409,0.698,0.303,0.154,0.042,0.142,7,39,14,-5.8,0.0,0,2011
Carl Crawford,BOS,29,539,0.289,0.405,0.694,0.302,0.15,0.043,0.193,11,56,18,-9.4,0.0,0,2011
Ryan Sweeney,OAK,26,299,0.346,0.341,0.687,0.307,0.076,0.11,0.161,1,25,1,-4.9,0.0,0,2011
Nate McLouth,ATL,29,321,0.344,0.333,0.677,0.307,0.105,0.13699999999999998,0.162,4,16,4,-10.0,0.0,0,2011
Willie Bloomquist,ARI,33,381,0.317,0.34,0.657,0.292,0.074,0.06,0.134,4,26,20,-2.3,0.0,0,2011
Ichiro Suzuki,SEA,37,721,0.31,0.335,0.645,0.281,0.064,0.054000000000000006,0.096,5,47,40,-12.3,0.0,0,2011
Juan Uribe,LAD,32,295,0.264,0.293,0.557,0.249,0.089,0.057999999999999996,0.203,4,28,2,7.1,0.0,0,2011
Ryan Doumit,PIT,30,236,0.353,0.477,0.83,0.364,0.174,0.068,0.14800000000000002,8,30,0,-13.4,-0.1,0,2011
Luke Scott,BAL,33,236,0.301,0.402,0.703,0.309,0.182,0.102,0.22899999999999998,9,22,1,-4.8,-0.1,0,2011
Greg Dobbs,FLA,32,439,0.311,0.389,0.701,0.306,0.114,0.05,0.18899999999999997,8,49,0,-6.2,-0.1,0,2011
Jack Cust,SEA,32,270,0.344,0.329,0.673,0.308,0.116,0.163,0.322,3,23,0,-6.8,-0.1,0,2011
Yuniesky Betancourt,MIL,29,584,0.271,0.381,0.652,0.281,0.129,0.027000000000000003,0.10800000000000001,13,68,4,-0.1,-0.1,0,2011
Brad Hawpe,SDP,32,216,0.301,0.344,0.645,0.286,0.113,0.08800000000000001,0.315,4,19,0,-1.9,-0.1,0,2011
Jeff Mathis,LAA,28,281,0.225,0.259,0.484,0.215,0.085,0.053,0.267,3,22,1,13.7,-0.1,0,2011
Ty Wigginton,COL,33,446,0.315,0.416,0.731,0.32,0.175,0.085,0.188,15,47,8,-8.4,-0.2,0,2011
Wilson Valdez,PHI,33,300,0.294,0.341,0.634,0.277,0.092,0.06,0.13699999999999998,1,30,3,-2.3,-0.2,0,2011
Dioner Navarro,LAD,27,202,0.276,0.324,0.6,0.262,0.131,0.099,0.17300000000000001,5,17,0,2.1,-0.2,0,2011
Miguel Tejada,SFG,37,343,0.27,0.326,0.596,0.257,0.087,0.035,0.102,4,26,4,5.5,-0.2,0,2011
Domonic Brown,PHI,23,210,0.333,0.391,0.725,0.322,0.147,0.11900000000000001,0.16699999999999998,5,19,3,-9.8,-0.3,0,2011
Ben Francisco,PHI,29,293,0.34,0.364,0.704,0.317,0.12,0.113,0.14300000000000002,6,34,4,-9.4,-0.3,0,2011
Jeff Baker,CHC,30,212,0.302,0.383,0.685,0.301,0.114,0.047,0.217,3,23,0,-3.3,-0.3,0,2011
Xavier Nady,ARI,32,223,0.287,0.359,0.646,0.283,0.112,0.045,0.20600000000000002,4,35,2,-2.3,-0.3,0,2011
Xavier Paul,- - -,26,262,0.292,0.346,0.638,0.28,0.091,0.05,0.237,2,20,16,-4.7,-0.3,0,2011
Corey Patterson,- - -,31,397,0.273,0.359,0.632,0.277,0.12,0.043,0.19399999999999998,6,36,13,-1.9,-0.3,0,2011
Casey McGehee,MIL,28,600,0.28,0.346,0.626,0.275,0.123,0.075,0.17300000000000001,13,67,0,9.0,-0.3,0,2011
J.D. Drew,BOS,35,286,0.315,0.302,0.617,0.278,0.081,0.115,0.203,4,22,0,0.7,-0.3,0,2011
Jonathan Herrera,COL,26,320,0.313,0.299,0.612,0.28,0.057,0.08800000000000001,0.125,3,14,4,3.0,-0.3,0,2011
Brandon Wood,- - -,26,272,0.27,0.34,0.61,0.269,0.124,0.07,0.268,7,31,0,0.9,-0.3,0,2011
Michael Martinez,PHI,28,234,0.258,0.282,0.54,0.244,0.086,0.077,0.15,3,24,3,1.1,-0.3,0,2011
Delmon Young,- - -,25,503,0.302,0.393,0.695,0.304,0.125,0.046,0.16899999999999998,12,64,1,-9.2,-0.4,0,2011
Conor Jackson,- - -,29,390,0.31,0.341,0.651,0.293,0.097,0.08199999999999999,0.136,5,43,3,-5.4,-0.4,0,2011
Daric Barton,OAK,25,280,0.325,0.267,0.592,0.274,0.055,0.139,0.168,0,21,2,-2.8,-0.4,0,2011
J.P. Arencibia,TOR,25,486,0.282,0.438,0.72,0.311,0.219,0.07400000000000001,0.27399999999999997,23,78,1,-12.7,-0.5,0,2011
Kosuke Fukudome,- - -,34,603,0.342,0.37,0.712,0.317,0.108,0.10099999999999999,0.182,8,35,4,-16.1,-0.5,0,2011
Chris Davis,- - -,25,210,0.305,0.402,0.707,0.309,0.136,0.052000000000000005,0.3,5,19,1,-8.4,-0.5,0,2011
Chris Coghlan,FLA,26,298,0.296,0.368,0.664,0.291,0.138,0.07400000000000001,0.16399999999999998,5,22,7,-4.3,-0.5,0,2011
Matt Diaz,- - -,33,268,0.302,0.323,0.625,0.28,0.06,0.045,0.19399999999999998,0,20,5,-3.6,-0.5,0,2011
Rajai Davis,TOR,30,338,0.273,0.35,0.623,0.274,0.113,0.044000000000000004,0.18600000000000003,1,29,34,-6.8,-0.5,0,2011
Jose Lopez,- - -,27,242,0.245,0.372,0.617,0.268,0.156,0.028999999999999998,0.11599999999999999,8,21,2,-0.4,-0.5,0,2011
Alberto Gonzalez,SDP,28,267,0.256,0.283,0.539,0.236,0.069,0.049,0.139,1,32,1,2.9,-0.5,0,2011
Vladimir Guerrero,BAL,36,590,0.317,0.416,0.733,0.32,0.126,0.028999999999999998,0.095,13,63,2,-14.8,-0.6,0,2011
Matt LaPorta,CLE,26,385,0.299,0.412,0.711,0.31,0.165,0.06,0.226,11,53,1,-12.6,-0.6,0,2011
Danny Valencia,MIN,26,608,0.294,0.383,0.677,0.297,0.137,0.066,0.168,15,72,2,-8.7,-0.6,0,2011
Willie Harris,NYM,33,283,0.351,0.317,0.668,0.304,0.071,0.127,0.21899999999999997,2,23,5,-10.5,-0.6,0,2011
Juan Pierre,CHW,33,711,0.329,0.327,0.657,0.296,0.049,0.06,0.057999999999999996,2,50,27,-17.8,-0.6,0,2011
Brandon Inge,DET,34,303,0.265,0.283,0.548,0.249,0.086,0.079,0.244,3,23,1,3.0,-0.6,0,2011
Paul Janish,CIN,28,366,0.259,0.262,0.521,0.234,0.048,0.049,0.126,0,23,3,7.9,-0.6,0,2011
Matt Tolbert,MIN,29,226,0.252,0.266,0.518,0.235,0.068,0.049,0.13699999999999998,0,11,3,0.2,-0.6,0,2011
Justin Morneau,MIN,30,288,0.285,0.333,0.618,0.275,0.106,0.066,0.153,4,30,0,-3.7,-0.7,0,2011
Michael McKenry,PIT,26,201,0.276,0.322,0.598,0.262,0.1,0.07,0.244,2,11,0,-2.6,-0.7,0,2011
Eduardo Nunez,NYY,24,338,0.313,0.385,0.698,0.306,0.12,0.065,0.109,5,30,22,-14.4,-0.8,0,2011
Trevor Plouffe,MIN,25,320,0.305,0.392,0.697,0.308,0.154,0.078,0.222,8,31,3,-14.7,-0.8,0,2011
Jorge Posada,NYY,39,387,0.315,0.398,0.714,0.313,0.163,0.10099999999999999,0.196,14,44,0,-10.9,-0.9,0,2011
Brett Wallace,HOU,24,379,0.334,0.369,0.703,0.311,0.11,0.095,0.24,5,29,1,-10.9,-0.9,0,2011
Aubrey Huff,SFG,34,579,0.306,0.37,0.676,0.295,0.125,0.081,0.155,12,59,5,-16.6,-0.9,0,2011
Lyle Overbay,- - -,34,440,0.31,0.36,0.67,0.299,0.127,0.095,0.2,9,47,2,-14.0,-0.9,0,2011
Chris Johnson,HOU,26,405,0.291,0.378,0.67,0.292,0.127,0.04,0.24,7,42,2,-12.5,-0.9,0,2011
Humberto Quintero,HOU,31,272,0.258,0.317,0.575,0.25,0.076,0.022000000000000002,0.195,2,25,1,0.8,-0.9,0,2011
Matt Treanor,- - -,35,242,0.338,0.291,0.628,0.294,0.077,0.14,0.21899999999999997,3,22,2,-10.6,-1.0,0,2011
Pedro Alvarez,PIT,24,262,0.272,0.289,0.561,0.255,0.098,0.092,0.305,4,19,1,-1.0,-1.0,0,2011
John Jaso,TBR,27,273,0.298,0.354,0.651,0.292,0.13,0.092,0.132,5,27,1,-10.8,-1.1,0,2011
Tyler Colvin,CHC,25,222,0.204,0.306,0.509,0.218,0.155,0.063,0.261,6,20,0,2.0,-1.1,0,2011
Reid Brignac,TBR,25,264,0.227,0.221,0.448,0.202,0.028,0.038,0.239,1,15,3,3.2,-1.1,0,2011
Jason Varitek,BOS,39,250,0.3,0.423,0.723,0.319,0.203,0.084,0.268,11,36,0,-16.1,-1.2,0,2011
Ronny Paulino,NYM,30,248,0.312,0.351,0.663,0.29,0.083,0.06,0.153,2,19,0,-10.5,-1.2,0,2011
Miguel Olivo,SEA,32,507,0.253,0.388,0.641,0.276,0.164,0.039,0.276,19,62,6,-14.5,-1.2,0,2011
Chone Figgins,SEA,33,313,0.241,0.243,0.484,0.22,0.056,0.067,0.134,1,15,11,3.6,-1.2,0,2011
Magglio Ordonez,DET,37,357,0.303,0.331,0.634,0.284,0.076,0.064,0.115,5,32,2,-11.4,-1.3,0,2011
Lou Marson,CLE,25,272,0.3,0.296,0.596,0.271,0.066,0.08800000000000001,0.25,1,19,4,-11.1,-1.3,0,2011
Orlando Cabrera,- - -,36,477,0.267,0.307,0.573,0.255,0.069,0.036000000000000004,0.11900000000000001,5,51,8,-4.5,-1.3,0,2011
Alex Rios,CHW,30,570,0.265,0.348,0.613,0.267,0.121,0.047,0.11900000000000001,13,44,11,-6.3,-1.4,0,2011
Ryan Spilborghs,COL,31,223,0.283,0.305,0.588,0.266,0.095,0.085,0.22,3,22,2,-3.7,-1.5,0,2011
Tsuyoshi Nishioka,MIN,26,240,0.278,0.249,0.527,0.241,0.023,0.063,0.179,0,19,2,-5.1,-1.5,0,2011
Drew Butera,MIN,27,254,0.21,0.239,0.449,0.203,0.073,0.043,0.165,2,23,0,0.6,-1.7,0,2011
Raul Ibanez,PHI,39,575,0.289,0.419,0.707,0.306,0.174,0.057,0.184,20,84,2,-25.5,-1.9,0,2011
Adam Dunn,CHW,31,496,0.292,0.277,0.569,0.268,0.118,0.151,0.35700000000000004,11,42,0,-15.5,-2.9,0,2011
